customer_id,customer_name,email,created_at
1,Diego Silva,diego.silva1@email.com,2024-10-08
2,Hugo Santos,hugo.santos2@email.com,2024-05-22
3,Diego Nascimento,diego.nascimento3@email.com,2024-03-30
4,Sofia Rodrigues,sofia.rodrigues4@email.com,2024-02-02
5,Ana Souza,ana.souza5@email.com,2024-08-11
6,Hugo Nascimento,hugo.nascimento6@email.com,2024-01-28
7,Rafael Santos,rafael.santos7@email.com,2025-07-12
8,Nicolas Santos,nicolas.santos8@email.com,2025-04-04
9,Sofia Pereira,sofia.pereira9@email.com,2024-01-07
10,Felipe Rodrigues,felipe.rodrigues10@email.com,2024-12-14
11,Isabela Oliveira,isabela.oliveira11@email.com,2024-08-08
12,Karina Souza,karina.souza12@email.com,2024-04-04
13,Mariana Souza,mariana.souza13@email.com,2025-01-02
14,Lucas Lima,lucas.lima14@email.com,2024-09-27
15,Bruno Almeida,bruno.almeida15@email.com,2025-07-03
16,Diego Rodrigues,diego.rodrigues16@email.com,2024-03-21
17,Rafael Pereira,rafael.pereira17@email.com,2025-01-05
18,Sofia Santos,sofia.santos18@email.com,2024-03-12
19,Bruno Santos,bruno.santos19@email.com,2024-10-23
20,Carla Santos,carla.santos20@email.com,2024-04-13
21,Mariana Pereira,mariana.pereira21@email.com,2025-04-09
22,Lucas Oliveira,lucas.oliveira22@email.com,2025-01-14
23,Lucas Santos,lucas.santos23@email.com,2024-09-30
24,Carla Lima,carla.lima24@email.com,2024-06-24
25,Rafael Santos,rafael.santos25@email.com,2024-06-16
26,Olivia Rodrigues,olivia.rodrigues26@email.com,2024-10-03
27,Rafael Santos,rafael.santos27@email.com,2024-11-28
28,Bruno Santos,bruno.santos28@email.com,2024-02-02
29,Karina Rodrigues,karina.rodrigues29@email.com,2024-10-01
30,Carla Santos,carla.santos30@email.com,2025-08-03
31,Karina Santos,karina.santos31@email.com,2025-05-26
32,Mariana Almeida,mariana.almeida32@email.com,2024-05-26
33,Isabela Oliveira,isabela.oliveira33@email.com,2024-09-09
34,Rafael Nascimento,rafael.nascimento34@email.com,2024-09-26
35,Sofia Rodrigues,sofia.rodrigues35@email.com,2025-08-20
36,Mariana Costa,mariana.costa36@email.com,2024-08-12
37,Elena Nascimento,elena.nascimento37@email.com,2025-05-20
38,Carla Silva,carla.silva38@email.com,2024-04-22
39,Elena Oliveira,elena.oliveira39@email.com,2025-03-08
40,Tiago Souza,tiago.souza40@email.com,2025-01-29
41,Mariana Lima,mariana.lima41@email.com,2025-04-24
42,Queila Pereira,queila.pereira42@email.com,2025-07-20
43,Ana Souza,ana.souza43@email.com,2025-07-03
44,Isabela Costa,isabela.costa44@email.com,2024-04-24
45,Joao Rodrigues,joao.rodrigues45@email.com,2024-06-10
46,Olivia Silva,olivia.silva46@email.com,2024-09-26
47,Queila Oliveira,queila.oliveira47@email.com,2025-06-03
48,Diego Pereira,diego.pereira48@email.com,2025-06-03
49,Tiago Santos,tiago.santos49@email.com,2024-06-05
50,Lucas Oliveira,lucas.oliveira50@email.com,2025-07-06
51,Queila Silva,queila.silva51@email.com,2024-11-27
52,Pedro Silva,pedro.silva52@email.com,2024-04-24
53,Lucas Pereira,lucas.pereira53@email.com,2024-09-02
54,Bruno Santos,bruno.santos54@email.com,2025-08-03
55,Carla Souza,carla.souza55@email.com,2025-05-12
56,Carla Nascimento,carla.nascimento56@email.com,2024-05-08
57,Elena Almeida,elena.almeida57@email.com,2025-07-16
58,Felipe Pereira,felipe.pereira58@email.com,2025-06-24
59,Tiago Rodrigues,tiago.rodrigues59@email.com,2024-08-04
60,Rafael Santos,rafael.santos60@email.com,2024-11-15
61,Mariana Costa,mariana.costa61@email.com,2025-03-24
62,Queila Almeida,queila.almeida62@email.com,2024-05-03
63,Hugo Santos,hugo.santos63@email.com,2024-03-06
64,Karina Silva,karina.silva64@email.com,2025-07-21
65,Hugo Lima,hugo.lima65@email.com,2024-08-13
66,Ana Souza,ana.souza66@email.com,2024-03-01
67,Hugo Souza,hugo.souza67@email.com,2024-02-02
68,Karina Souza,karina.souza68@email.com,2025-06-10
69,Hugo Pereira,hugo.pereira69@email.com,2025-05-12
70,Gabriela Nascimento,gabriela.nascimento70@email.com,2024-05-15
71,Sofia Lima,sofia.lima71@email.com,2025-04-29
72,Hugo Almeida,hugo.almeida72@email.com,2025-02-20
73,Gabriela Souza,gabriela.souza73@email.com,2024-04-09
74,Nicolas Costa,nicolas.costa74@email.com,2025-03-09
75,Nicolas Almeida,nicolas.almeida75@email.com,2024-02-25
76,Diego Silva,diego.silva76@email.com,2025-02-16
77,Karina Souza,karina.souza77@email.com,2024-09-11
78,Gabriela Santos,gabriela.santos78@email.com,2025-07-03
79,Olivia Oliveira,olivia.oliveira79@email.com,2025-03-08
80,Felipe Pereira,felipe.pereira80@email.com,2025-04-18
81,Hugo Souza,hugo.souza81@email.com,2025-03-29
82,Rafael Souza,rafael.souza82@email.com,2024-02-21
83,Rafael Silva,rafael.silva83@email.com,2024-04-05
84,Hugo Oliveira,hugo.oliveira84@email.com,2025-02-20
85,Pedro Almeida,pedro.almeida85@email.com,2024-08-06
86,Mariana Silva,mariana.silva86@email.com,2024-06-17
87,Mariana Silva,mariana.silva87@email.com,2025-02-03
88,Isabela Almeida,isabela.almeida88@email.com,2024-10-19
89,Nicolas Nascimento,nicolas.nascimento89@email.com,2025-05-13
90,Elena Santos,elena.santos90@email.com,2024-10-30
91,Gabriela Silva,gabriela.silva91@email.com,2025-08-16
92,Rafael Silva,rafael.silva92@email.com,2024-11-17
93,Bruno Silva,bruno.silva93@email.com,2025-08-21
94,Pedro Nascimento,pedro.nascimento94@email.com,2025-06-27
95,Felipe Silva,felipe.silva95@email.com,2025-06-04
96,Carla Oliveira,carla.oliveira96@email.com,2024-03-11
97,Tiago Souza,tiago.souza97@email.com,2024-08-28
98,Mariana Souza,mariana.souza98@email.com,2025-08-06
99,Hugo Lima,hugo.lima99@email.com,2024-02-10
100,Tiago Souza,tiago.souza100@email.com,2025-03-05