order_id,customer_id,order_date,status
1,93,2026-06-01,shipped
2,71,2026-04-02,pending
3,96,2026-05-02,shipped
4,34,2025-09-11,cancelled
5,99,2026-06-18,shipped
6,81,2025-09-02,cancelled
7,57,2025-03-21,cancelled
8,31,2025-10-06,cancelled
9,41,2026-07-08,completed
10,18,2025-06-04,pending
11,50,2025-06-06,pending
12,9,2026-03-01,shipped
13,43,2026-07-10,shipped
14,54,2025-03-05,pending
15,54,2026-02-03,completed
16,98,2026-08-13,shipped
17,62,2025-01-07,cancelled
18,39,2026-02-04,shipped
19,69,2026-07-14,pending
20,63,2025-08-13,cancelled
21,56,2026-05-13,completed
22,50,2025-12-11,shipped
23,93,2025-06-19,shipped
24,17,2026-07-01,completed
25,51,2026-08-01,completed
26,11,2026-03-15,pending
27,60,2025-07-06,completed
28,34,2026-01-24,cancelled
29,28,2026-04-11,cancelled
30,44,2026-01-24,cancelled
31,97,2026-03-08,cancelled
32,11,2026-04-27,completed
33,96,2026-07-07,completed
34,45,2025-08-18,completed
35,100,2025-02-11,completed
36,32,2025-07-24,completed
37,80,2025-06-06,pending
38,17,2026-04-30,completed
39,73,2025-08-12,shipped
40,90,2025-09-20,cancelled
41,22,2025-04-28,pending
42,40,2025-04-21,completed
43,40,2026-08-13,shipped
44,51,2025-07-23,completed
45,76,2025-09-06,completed
46,90,2025-11-05,completed
47,73,2025-02-12,cancelled
48,69,2026-03-15,cancelled
49,9,2026-06-03,cancelled
50,2,2026-03-07,shipped
51,14,2026-03-20,cancelled
52,82,2026-04-16,pending
53,56,2025-06-30,cancelled
54,79,2026-07-06,shipped
55,60,2026-03-23,cancelled
56,42,2025-09-09,completed
57,36,2026-04-07,pending
58,97,2026-04-21,shipped
59,44,2025-01-30,shipped
60,42,2025-07-06,shipped
61,28,2025-12-30,cancelled
62,44,2025-10-14,cancelled
63,72,2025-01-11,pending
64,11,2025-09-05,shipped
65,63,2026-07-23,pending
66,89,2026-05-03,shipped
67,58,2025-01-18,completed
68,38,2025-08-15,shipped
69,89,2025-09-07,cancelled
70,85,2026-08-19,cancelled
71,61,2026-07-21,cancelled
72,55,2026-07-18,cancelled
73,46,2026-04-10,cancelled
74,40,2025-09-15,pending
75,16,2025-07-17,cancelled
76,16,2026-07-03,pending
77,25,2025-08-10,shipped
78,36,2026-06-22,cancelled
79,13,2025-07-18,cancelled
80,30,2026-01-05,pending
81,39,2025-01-15,pending
82,36,2025-02-16,completed
83,71,2025-10-27,pending
84,82,2026-05-18,completed
85,2,2026-08-11,cancelled
86,61,2026-05-06,shipped
87,44,2025-07-08,completed
88,33,2026-05-05,completed
89,9,2026-02-15,shipped
90,10,2026-08-14,completed
91,20,2025-06-02,cancelled
92,11,2025-09-12,completed
93,72,2026-03-03,pending
94,100,2026-06-20,shipped
95,58,2026-03-30,cancelled
96,76,2026-03-16,cancelled
97,73,2025-03-03,completed
98,98,2025-08-01,pending
99,34,2025-03-25,pending
100,31,2025-06-27,completed