order_item_id,order_id,product_id,quantity,unit_price
1,21,1,4,468.01
2,58,89,5,361.99
3,61,38,1,183.3
4,30,37,3,344.21
5,90,59,1,28.75
6,88,30,3,284.84
7,81,76,2,158.9
8,55,15,5,466.56
9,29,83,2,55.76
10,35,19,1,143.45
11,8,22,3,257.65
12,77,96,5,459.56
13,37,57,1,439.75
14,60,89,3,361.99
15,90,52,3,205.25
16,65,70,4,169.83
17,57,11,5,149.64
18,6,56,3,470.23
19,78,33,1,295.43
20,12,30,5,284.84
21,76,3,3,126.96
22,74,6,2,14.56
23,61,67,4,315.35
24,36,24,5,55.23
25,56,82,4,262.57
26,12,61,3,223.83
27,53,43,3,97.89
28,86,14,2,337.25
29,43,53,4,433.53
30,37,85,4,405.22
31,98,71,1,281.66
32,59,12,3,418.54
33,33,42,1,441.89
34,99,52,5,205.25
35,1,85,5,405.22
36,60,53,1,433.53
37,25,67,3,315.35
38,80,97,4,233.67
39,81,57,1,439.75
40,27,35,5,161.05
41,17,37,4,344.21
42,90,63,1,134.81
43,4,81,5,332.84
44,31,91,2,82.31
45,40,71,1,281.66
46,71,53,1,433.53
47,29,15,4,466.56
48,16,83,2,55.76
49,64,92,3,447.4
50,66,91,3,82.31
51,54,62,4,198.75
52,32,59,5,28.75
53,19,50,2,181.33
54,77,66,2,474.95
55,9,36,4,450.47
56,44,65,3,188.47
57,1,37,3,344.21
58,76,75,4,208.98
59,20,58,5,97.5
60,62,45,3,403.1
61,71,98,5,337.11
62,49,59,3,28.75
63,25,90,2,252.24
64,74,50,2,181.33
65,100,53,1,433.53
66,41,96,4,459.56
67,91,49,4,107.79
68,85,84,2,339.67
69,64,5,2,234.04
70,65,76,3,158.9
71,13,57,1,439.75
72,68,59,1,28.75
73,93,19,4,143.45
74,84,20,1,361.63
75,61,34,3,220.6
76,80,89,4,361.99
77,84,11,3,149.64
78,87,69,4,258.49
79,41,81,4,332.84
80,70,5,5,234.04
81,9,31,3,46.87
82,30,96,1,459.56
83,56,13,1,309.72
84,57,22,3,257.65
85,4,6,3,14.56
86,8,38,3,183.3
87,48,56,2,470.23
88,32,68,4,362.68
89,73,88,2,233.15
90,22,23,1,453.61
91,79,49,5,107.79
92,88,31,4,46.87
93,75,19,2,143.45
94,60,82,3,262.57
95,59,33,1,295.43
96,60,37,5,344.21
97,21,10,4,440.84
98,45,76,3,158.9
99,82,55,3,342.96
100,59,39,2,487.18