product_id,product_name,category,price
1,Produto Beleza 1,Beleza,468.01
2,Produto Casa 2,Casa,338.17
3,Produto Beleza 3,Beleza,126.96
4,Produto Brinquedos 4,Brinquedos,74.13
5,Produto Esporte 5,Esporte,234.04
6,Produto Livros 6,Livros,14.56
7,Produto Livros 7,Livros,45.9
8,Produto Casa 8,Casa,257.88
9,Produto Roupas 9,Roupas,467.3
10,Produto Livros 10,Livros,440.84
11,Produto Beleza 11,Beleza,149.64
12,Produto Alimentos 12,Alimentos,418.54
13,Produto Esporte 13,Esporte,309.72
14,Produto Eletronicos 14,Eletronicos,337.25
15,Produto Esporte 15,Esporte,466.56
16,Produto Livros 16,Livros,470.08
17,Produto Roupas 17,Roupas,139.59
18,Produto Livros 18,Livros,373.78
19,Produto Roupas 19,Roupas,143.45
20,Produto Casa 20,Casa,361.63
21,Produto Casa 21,Casa,346.87
22,Produto Esporte 22,Esporte,257.65
23,Produto Esporte 23,Esporte,453.61
24,Produto Eletronicos 24,Eletronicos,55.23
25,Produto Brinquedos 25,Brinquedos,416.38
26,Produto Eletronicos 26,Eletronicos,11.74
27,Produto Roupas 27,Roupas,322.19
28,Produto Esporte 28,Esporte,89.18
29,Produto Alimentos 29,Alimentos,280.32
30,Produto Brinquedos 30,Brinquedos,284.84
31,Produto Livros 31,Livros,46.87
32,Produto Roupas 32,Roupas,277.34
33,Produto Beleza 33,Beleza,295.43
34,Produto Roupas 34,Roupas,220.6
35,Produto Eletronicos 35,Eletronicos,161.05
36,Produto Eletronicos 36,Eletronicos,450.47
37,Produto Casa 37,Casa,344.21
38,Produto Livros 38,Livros,183.3
39,Produto Brinquedos 39,Brinquedos,487.18
40,Produto Roupas 40,Roupas,463.62
41,Produto Casa 41,Casa,433.66
42,Produto Roupas 42,Roupas,441.89
43,Produto Eletronicos 43,Eletronicos,97.89
44,Produto Beleza 44,Beleza,393.37
45,Produto Brinquedos 45,Brinquedos,403.1
46,Produto Casa 46,Casa,140.73
47,Produto Livros 47,Livros,197.45
48,Produto Eletronicos 48,Eletronicos,430.71
49,Produto Casa 49,Casa,107.79
50,Produto Alimentos 50,Alimentos,181.33
51,Produto Casa 51,Casa,119.23
52,Produto Casa 52,Casa,205.25
53,Produto Esporte 53,Esporte,433.53
54,Produto Esporte 54,Esporte,182.06
55,Produto Brinquedos 55,Brinquedos,342.96
56,Produto Beleza 56,Beleza,470.23
57,Produto Livros 57,Livros,439.75
58,Produto Esporte 58,Esporte,97.5
59,Produto Esporte 59,Esporte,28.75
60,Produto Brinquedos 60,Brinquedos,179.39
61,Produto Beleza 61,Beleza,223.83
62,Produto Livros 62,Livros,198.75
63,Produto Casa 63,Casa,134.81
64,Produto Brinquedos 64,Brinquedos,10.83
65,Produto Casa 65,Casa,188.47
66,Produto Livros 66,Livros,474.95
67,Produto Beleza 67,Beleza,315.35
68,Produto Livros 68,Livros,362.68
69,Produto Esporte 69,Esporte,258.49
70,Produto Brinquedos 70,Brinquedos,169.83
71,Produto Esporte 71,Esporte,281.66
72,Produto Casa 72,Casa,216.02
73,Produto Brinquedos 73,Brinquedos,341.89
74,Produto Roupas 74,Roupas,311.6
75,Produto Esporte 75,Esporte,208.98
76,Produto Eletronicos 76,Eletronicos,158.9
77,Produto Casa 77,Casa,220.65
78,Produto Beleza 78,Beleza,237.84
79,Produto Alimentos 79,Alimentos,341.06
80,Produto Alimentos 80,Alimentos,398.93
81,Produto Roupas 81,Roupas,332.84
82,Produto Esporte 82,Esporte,262.57
83,Produto Beleza 83,Beleza,55.76
84,Produto Casa 84,Casa,339.67
85,Produto Casa 85,Casa,405.22
86,Produto Roupas 86,Roupas,21.97
87,Produto Casa 87,Casa,492.13
88,Produto Livros 88,Livros,233.15
89,Produto Casa 89,Casa,361.99
90,Produto Brinquedos 90,Brinquedos,252.24
91,Produto Casa 91,Casa,82.31
92,Produto Eletronicos 92,Eletronicos,447.4
93,Produto Livros 93,Livros,391.43
94,Produto Casa 94,Casa,96.18
95,Produto Alimentos 95,Alimentos,34.61
96,Produto Casa 96,Casa,459.56
97,Produto Livros 97,Livros,233.67
98,Produto Alimentos 98,Alimentos,337.11
99,Produto Beleza 99,Beleza,475.52
100,Produto Alimentos 100,Alimentos,310.2